Timestamp,User Count,Type,Name,Requests/s,Failures/s,50%,66%,75%,80%,90%,95%,98%,99%,99.9%,99.99%,100%,Total Request Count,Total Failure Count,Total Median Response Time,Total Average Response Time,Total Min Response Time,Total Max Response Time,Total Average Content Size
1791305029,0,,Aggregated,0.000000,0.000000,N/A,N/A,N/A,N/A,N/A,N/A,N/A,N/A,N/A,N/A,N/A,0,0,0,0.0,0,0,0
1791305030,5,,Aggregated,0.000000,0.000000,260,260,280,280,290,290,290,290,290,290,290,18,0,260,240.83798322297096,143.9975380017131,285.6058800025494,67.88888888888889
1791305031,10,,Aggregated,0.000000,0.000000,280,280,290,300,310,350,350,350,350,350,350,35,0,280,284.41564179946516,264.4888449976861,352.972618999047,67.65714285714286
1791305033,10,,Aggregated,0.000000,0.000000,300,380,400,400,440,500,500,500,500,500,500,55,0,300,335.63209370867384,264.4888449976861,501.1146409997309,67.72727272727273
1791305034,10,,Aggregated,5.000000,0.000000,360,400,440,440,500,530,530,540,540,540,540,85,0,360,362.37796798792687,109.02572800114285,536.7749340002774,67.7764705882353
1791305035,10,,Aggregated,17.500000,0.000000,360,430,440,440,540,550,550,550,560,560,560,107,0,360,376.5987838408271,109.02572800114285,556.9505009989371,67.75700934579439
1791305036,10,,Aggregated,21.250000,0.000000,380,430,440,500,530,550,550,550,560,560,560,137,0,380,388.1481825763357,109.02572800114285,556.9505009989371,67.76642335766424
1791305037,10,,Aggregated,21.400000,0.000000,410,440,480,500,530,550,550,550,560,560,560,165,0,410,400.2753456906551,109.02572800114285,556.9505009989371,67.73333333333333
1791305038,10,,Aggregated,21.166667,0.000000,400,440,480,500,530,550,550,550,560,560,560,187,0,400,401.3463142725029,109.02572800114285,556.9505009989371,67.75401069518716
1791305039,10,,Aggregated,22.142857,0.000000,400,440,470,480,530,550,550,550,560,560,560,217,0,400,403.9426206311743,109.02572800114285,556.9505009989371,67.75115207373273
1791305040,10,,Aggregated,21.875000,0.000000,420,440,450,480,520,540,550,550,560,560,560,243,0,420,407.1192224895969,109.02572800114285,556.9505009989371,67.75308641975309
1791305041,10,,Aggregated,21.888889,0.000000,410,440,450,470,520,540,550,550,560,560,560,267,0,410,407.7512404305963,109.02572800114285,556.9505009989371,67.76779026217228
1791305043,10,,Aggregated,22.500000,0.000000,410,440,470,480,530,540,550,550,560,560,560,287,0,410,412.22894840408776,109.02572800114285,556.9505009989371,67.77700348432056
1791305044,10,,Aggregated,23.200000,0.000000,420,450,470,480,530,550,550,560,570,570,570,317,0,420,413.7320258422007,109.02572800114285,566.6768730006879,67.77287066246056
1791305045,10,,Aggregated,23.200000,0.000000,430,450,480,500,530,550,550,560,570,570,570,337,0,430,419.6703580177637,109.02572800114285,566.6768730006879,67.77151335311572
1791305046,10,,Aggregated,23.000000,0.000000,430,450,470,500,530,550,550,560,570,570,570,367,0,430,419.0029633051128,109.02572800114285,566.6768730006879,67.76566757493188
1791305047,10,,Aggregated,22.800000,0.000000,430,460,480,500,530,550,650,650,740,740,740,387,0,430,427.4541700413075,109.02572800114285,742.2438110006624,67.75968992248062
1791305048,10,,Aggregated,23.000000,0.000000,430,460,480,500,530,550,650,650,740,740,740,415,0,430,426.7328691276608,109.02572800114285,742.2438110006624,67.74939759036144
1791305049,10,,Aggregated,22.000000,0.000000,430,450,480,500,530,550,650,650,740,740,740,437,0,430,426.1681088649413,109.02572800114285,742.2438110006624,67.75057208237986
1791305050,10,,Aggregated,22.200000,0.000000,430,450,480,500,530,550,650,650,740,740,740,465,0,430,428.6066249203765,109.02572800114285,742.2438110006624,67.73763440860215
1791305051,10,,Aggregated,22.800000,0.000000,430,450,480,500,530,550,650,650,740,740,740,487,0,430,429.4945401149508,109.02572800114285,742.2438110006624,67.74537987679672
1791305053,10,,Aggregated,22.000000,0.000000,430,450,470,500,530,550,570,650,740,740,740,517,0,430,427.91375399031017,109.02572800114285,742.2438110006624,67.74661508704062
1791305054,10,,Aggregated,22.000000,0.000000,430,450,470,490,530,550,570,650,740,740,740,545,0,430,426.42432393757423,109.02572800114285,742.2438110006624,67.74128440366972
1791305055,10,,Aggregated,22.800000,0.000000,430,450,470,480,530,550,560,650,740,740,740,575,0,430,424.562493622551,109.02572800114285,742.2438110006624,67.74434782608695
1791305056,10,,Aggregated,22.200000,0.000000,430,440,460,480,520,550,560,650,740,740,740,605,0,430,421.9857460330012,109.02572800114285,742.2438110006624,67.74545454545455
1791305057,10,,Aggregated,23.000000,0.000000,430,440,460,480,520,550,560,650,740,740,740,627,0,430,421.4351807383771,109.02572800114285,742.2438110006624,67.74322169059012
1791305058,10,,Aggregated,23.000000,0.000000,430,440,460,480,530,550,650,660,740,740,740,657,0,430,423.99142012628215,109.02572800114285,742.2438110006624,67.74429223744292
1791305060,10,,Aggregated,24.200000,0.000000,430,440,470,480,530,550,650,660,740,740,740,684,0,430,424.64464525143364,109.02572800114285,742.2438110006624,67.74561403508773
1791305061,10,,Aggregated,23.200000,0.000000,420,440,460,480,520,550,650,650,740,740,740,717,0,420,421.2595652510119,109.02572800114285,742.2438110006624,67.74476987447699
1791305062,10,,Aggregated,23.700000,0.000000,420,440,460,470,520,550,650,650,740,740,740,747,0,420,419.53464020212806,109.02572800114285,742.2438110006624,67.74966532797858
1791305063,10,,Aggregated,24.500000,0.000000,420,440,460,470,520,550,650,650,740,740,740,771,0,420,419.3405288871527,109.02572800114285,742.2438110006624,67.74708171206225
1791305064,10,,Aggregated,25.000000,0.000000,420,440,460,470,520,550,650,650,740,740,740,797,0,420,420.6487139171701,109.02572800114285,742.2438110006624,67.74780426599749
1791305065,10,,Aggregated,24.900000,0.000000,430,440,460,470,520,550,650,650,740,740,740,817,0,430,421.28142072580175,109.02572800114285,742.2438110006624,67.74663402692778
1791305066,10,,Aggregated,25.000000,0.000000,430,440,460,470,520,550,650,650,740,740,740,847,0,430,421.5309824805054,109.02572800114285,742.2438110006624,67.74380165289256
1791305067,10,,Aggregated,24.200000,0.000000,430,440,460,470,520,550,650,650,740,740,740,877,0,430,420.5569081117484,109.02572800114285,742.2438110006624,67.74458380843785
1791305068,10,,Aggregated,24.000000,0.000000,420,440,460,470,520,540,590,650,740,740,740,907,0,420,418.5998851201907,109.02572800114285,742.2438110006624,67.74531422271224
1791305070,10,,Aggregated,24.000000,0.000000,420,440,460,470,520,540,590,650,740,740,740,937,0,420,417.8127431131308,109.02572800114285,742.2438110006624,67.74386339381003
1791305071,10,,Aggregated,25.000000,0.000000,420,440,450,470,520,540,580,650,740,740,740,969,0,420,414.0420190629469,109.02572800114285,742.2438110006624,67.74509803921569
1791305072,10,,Aggregated,25.000000,0.000000,420,440,450,470,520,540,580,650,740,740,740,998,0,420,414.03696437675035,109.02572800114285,742.2438110006624,67.74448897795591
1791305073,10,,Aggregated,25.500000,0.000000,420,440,450,470,510,530,580,650,740,740,740,1028,0,420,413.53369682391826,109.02572800114285,742.2438110006624,67.74805447470817
1791305074,10,,Aggregated,25.100000,0.000000,420,440,450,470,510,530,580,650,740,740,740,1048,0,420,413.5859464761374,109.02572800114285,742.2438110006624,67.74904580152672
1791305075,10,,Aggregated,24.400000,0.000000,420,440,460,470,520,530,580,650,740,740,740,1077,0,420,415.32250758865763,109.02572800114285,742.2438110006624,67.74837511606314
1791305076,10,,Aggregated,25.100000,0.000000,420,440,460,470,520,550,580,650,740,740,740,1098,0,420,417.64362918941964,109.02572800114285,742.2438110006624,67.74863387978142
1791305077,10,,Aggregated,25.100000,0.000000,430,450,460,470,520,550,570,650,740,740,740,1118,0,430,418.38139956616936,109.02572800114285,742.2438110006624,67.74955277280858
1791305079,10,,Aggregated,25.100000,0.000000,430,450,460,470,520,540,570,650,740,740,740,1148,0,430,418.70824839196376,109.02572800114285,742.2438110006624,67.75261324041811
1791305080,10,,Aggregated,24.100000,0.000000,430,450,460,470,520,540,570,650,740,740,740,1168,0,430,419.4557936968972,109.02572800114285,742.2438110006624,67.75
1791305081,10,,Aggregated,24.100000,0.000000,430,450,460,470,520,540,570,650,740,740,740,1198,0,430,419.1455790316952,109.02572800114285,742.2438110006624,67.74958263772955
1791305082,10,,Aggregated,23.400000,0.000000,430,440,460,470,510,530,570,650,740,740,740,1227,0,430,419.03732979215357,109.02572800114285,742.2438110006624,67.74898125509372
1791305083,10,,Aggregated,22.100000,0.000000,430,440,460,470,510,530,570,650,740,740,740,1256,0,430,418.3139540159076,109.02572800114285,742.2438110006624,67.75
1791305084,10,,Aggregated,23.000000,0.000000,420,440,460,470,510,530,570,650,740,740,740,1285,0,420,417.4731929167191,109.02572800114285,742.2438110006624,67.75175097276265
1791305085,10,,Aggregated,23.000000,0.000000,430,440,460,470,510,530,570,650,740,740,740,1298,0,430,418.3525925546897,109.02572800114285,742.2438110006624,67.75269645608628
1791305086,10,,Aggregated,23.000000,0.000000,420,440,460,470,520,540,600,660,770,780,780,1328,0,420,418.70543624245505,109.02572800114285,775.2980859986565,67.75376506024097
1791305087,10,,Aggregated,23.000000,0.000000,430,450,460,470,520,550,600,660,770,780,780,1356,0,430,420.2835033451139,109.02572800114285,775.2980859986565,67.75368731563422
1791305089,10,,Aggregated,23.000000,0.000000,430,450,460,470,520,540,600,660,770,780,780,1378,0,430,420.3196673519444,109.02572800114285,775.2980859986565,67.75399129172715
